Symbol,Description,Sector,Index,Price,Price - Currency,"Price change %, 1 day","Volume, 1 day","Relative volume, 1 day",Market capitalization,Market capitalization - Currency,Price to earnings ratio,"Earnings per share diluted, Trailing 12 months","Earnings per share diluted, Trailing 12 months - Currency","Earnings per share diluted growth %, TTM YoY","Dividend yield %, Trailing 12 months",Analyst rating
ADANIENT,Adani Enterprises Limited,Distribution services,"Nifty 50, Nifty 500, Nifty Metal, Nifty 200, Nifty 100, Nifty Total Market, Nifty 500 MultiCap 50:25:25, Nifty 50 Equal Weight, Nifty LargeMidCap 250, Nifty 500 Equal Weight, Nifty 100 Equal Weight, Nifty High Beta 50, Nifty 100 Liquid 15, Nifty 100 Alpha 30, Nifty 500 LargeMidSmall Equal-Cap, Nifty India Select 5 Corporate Groups (MAATR)",3077.2,INR,-0.8857538570554321,1716315,0.5749441893960757,4195633544922,INR,49.33932571298468,62.3681,INR,16.005185703231952,0.0419354838709677,Strong buy
ADANIGREEN,Adani Green Energy Limited,Utilities,"Nifty 500, Nifty Next 50, Nifty Infrastructure, Nifty 200, Nifty Energy, Nifty Commodities, Nifty 100, Nifty Total Market, Nifty 500 MultiCap 50:25:25, Nifty 200 Momentum 30, Nifty LargeMidCap 250, Nifty 500 Equal Weight, Nifty Housing, Nifty 100 Equal Weight, Nifty Rural, Nifty 200 Alpha 30, Nifty High Beta 50, Nifty 100 Alpha 30, Nifty 500 LargeMidSmall Equal-Cap, Nifty India Select 5 Corporate Groups (MAATR)",1299.1,INR,-1.209125475285178,1163355,0.6945511625316169,2164718812564.9998,INR,119.94607920079034,10.8307,INR,3.282315357841041,0,Buy
ADANIPORTS,Adani Ports & Special Economic Zone Ltd,Transportation,"Nifty 50, Nifty 500, Nifty Infrastructure, Nifty 200, Nifty Services Sector, Nifty 100, Nifty Total Market, Nifty 500 MultiCap 50:25:25, Nifty 50 Equal Weight, Nifty LargeMidCap 250, Nifty 500 Equal Weight, Nifty 100 Equal Weight, Nifty Transportation & Logistics, Nifty Mobility, Nifty 50 Value 20, Nifty 500 Multicap Infrastructure 50:30:20, Nifty High Beta 50, Nifty 100 Alpha 30, Nifty 500 LargeMidSmall Equal-Cap, Nifty India Select 5 Corporate Groups (MAATR)",1768,INR,-0.39436619718309857,2777377,0.8262002544065792,4081578651268,INR,30.17296550076371,58.5955,INR,12.071570652589706,0.423358076260901,Strong buy
ALKEM,Alkem Laboratories Ltd.,Health technology,"Nifty 500, Nifty Pharma, Nifty Healthcare, Nifty 200, Nifty MidCap 100, Nifty MidCap 50, Nifty MidSmallCap 400, Nifty MidCap 150, Nifty Total Market, Nifty 500 MultiCap 50:25:25, Nifty India Manufacturing, Nifty LargeMidCap 250, Nifty 500 Equal Weight, Nifty 500 Multicap India Manufacturing 50:30:20, Nifty MidSmall Healthcare, Nifty MidCap 150 Quality 50, Nifty MidSmall India Consumption, Nifty 500 LargeMidSmall Equal-Cap, Nifty Alpha Quality Low-Volatility 30, Nifty Alpha Quality Value Low-Volatility 30, Nifty Quality Low-Volatility 30",5138,INR,-0.01945903872348706,41390,0.3170546928920459,614564112549,INR,28.50437995484125,180.253,INR,-5.663399002377614,1.03112840466926,Buy
APOLLOHOSP,Apollo Hospitals Enterprise Limited,Health services,"Nifty 50, Nifty 500, Nifty Infrastructure, Nifty Healthcare, Nifty 200, Nifty India Consumption, Nifty Services Sector, Nifty 100, Nifty Total Market, Nifty 500 MultiCap 50:25:25, Nifty 50 Equal Weight, Nifty LargeMidCap 250, Nifty 500 Equal Weight, Nifty 100 Equal Weight, Nifty Alpha Low Volatility 30, Nifty 100 Low Volatility 30, Nifty 500 Multicap Infrastructure 50:30:20, Nifty Growth Sectors 15, Nifty 500 LargeMidSmall Equal-Cap, Nifty 500 Low Volatility 50, Nifty Low Volatility 50",8900,INR,-0.7471841195494591,329159,1.157810761594587,1288310488281,INR,61.2725271199778,145.2527,INR,32.730263308188924,0.223214285714286,Strong buy
ASIANPAINT,Asian Paints Ltd.,Process industries,"Nifty 50, Nifty 500, Nifty 200, Nifty India Consumption, Nifty 100, Nifty Total Market, Nifty 500 MultiCap 50:25:25, Nifty 50 Equal Weight, Nifty LargeMidCap 250, Nifty 500 Equal Weight, Nifty Housing, Nifty 100 Equal Weight, Nifty Rural, Nifty Core Housing, Nifty Alpha Low Volatility 30, Nifty 100 Low Volatility 30, Nifty 200 Quality 30, Nifty Non-Cyclical Consumer, Nifty 100 Quality 30, Nifty 500 LargeMidSmall Equal-Cap, Nifty 500 Low Volatility 50, Nifty Low Volatility 50, Nifty 500 Multicap Momentum Quality 50, Nifty Alpha Quality Low-Volatility 30, Nifty Quality Low-Volatility 30",2498.1,INR,0.365608678184006,549332,0.9203805760579948,2380824838642,INR,50.28381642512077,49.68,INR,32.43903219270838,1.10793279883969,Buy
AXISBANK,Axis Bank Limited,Finance,"Nifty 50, Nifty Bank, Nifty Financial Services, Nifty 500, Nifty Financial Services 25/50, Nifty Private Bank, Nifty 200, Nifty Services Sector, Nifty 100, Nifty Total Market, Nifty 500 MultiCap 50:25:25, Nifty 50 Equal Weight, Nifty LargeMidCap 250, Nifty 500 Equal Weight, Nifty Housing, Nifty 100 Equal Weight, Nifty Top 10 Equal Weight Index, Nifty 500 LargeMidSmall Equal-Cap, Nifty Top 20 Equal Weight, Nifty Low Volatility 50, Nifty Top 15 Equal Weight",1246,INR,0.6055712555510698,4150654,0.8759649291048731,3858867625366,INR,14.011019903294725,88.93,INR,-0.6146624944121559,0.0806776926179911,Strong buy
BAJAJFINSV,Bajaj Finserv Limited,Finance,"Nifty 50, Nifty Financial Services, Nifty 500, Nifty Financial Services 25/50, Nifty 200, Nifty Services Sector, Nifty 100, Nifty Total Market, Nifty 500 MultiCap 50:25:25, Nifty 50 Equal Weight, Nifty LargeMidCap 250, Nifty Financial Services Ex-Bank, Nifty 500 Equal Weight, Nifty 100 Equal Weight, Nifty 100 Low Volatility 30, Nifty 500 LargeMidSmall Equal-Cap, Nifty Low Volatility 50",1940.5,INR,0.700570835495589,658197,1.1076023228455043,3087172320435,INR,30.806477218606126,62.99,INR,6.402027027027025,0.0674623767514271,Buy
BAJAJ_AUTO,Bajaj Auto Limited,Consumer durables,"Nifty 50, Nifty 500, Nifty Auto, Nifty 200, Nifty India Consumption, Nifty 100, Nifty Total Market, Nifty 500 MultiCap 50:25:25, Nifty India Manufacturing, Nifty 50 Equal Weight, Nifty LargeMidCap 250, Nifty EV & New Age Automotive, Nifty 500 Equal Weight, Nifty 100 Equal Weight, Nifty Transportation & Logistics, Nifty Mobility, Nifty 50 Value 20, Nifty Dividend Opportunities 50, Nifty Rural, Nifty 500 Multicap India Manufacturing 50:30:20, Nifty India New Age Consumption, Nifty Alpha Low Volatility 30, Nifty 100 Low Volatility 30, Nifty 200 Quality 30, Nifty 100 Quality 30, Nifty 500 Quality 50, Nifty 500 LargeMidSmall Equal-Cap, Nifty 500 Multifactor MQVLv 50, Nifty 500 Low Volatility 50, Nifty Low Volatility 50, Nifty Alpha Quality Low-Volatility 30, Nifty Alpha Quality Value Low-Volatility 30, Nifty Quality Low-Volatility 30",11768,INR,-0.18659881255301103,121394,0.4769688116131537,3241311210327,INR,27.98682944752886,420.4835,INR,54.740280052256786,1.27172530733362,Buy
BAJFINANCE,Bajaj Finance Limited,Finance,"Nifty 50, Nifty Financial Services, Nifty 500, Nifty Financial Services 25/50, Nifty 200, Nifty Services Sector, Nifty 100, Nifty Total Market, Nifty 500 MultiCap 50:25:25, Nifty 50 Equal Weight, Nifty LargeMidCap 250, Nifty Financial Services Ex-Bank, Nifty 500 Equal Weight, Nifty 100 Equal Weight, Nifty Rural, Nifty 100 Liquid 15, Nifty 500 LargeMidSmall Equal-Cap, Nifty Top 20 Equal Weight, Nifty Top 15 Equal Weight",1043.5,INR,0.40411815645146215,3902988,0.6866257402690029,6474995312500,INR,32.03868590727664,32.57,INR,16.05202209157313,0.576923076923077,Buy
BDL,Bharat Dynamics Ltd.,Electronic technology,"Nifty 500, Nifty 200, Nifty MidCap 100, Nifty MidSmallCap 400, Nifty MidCap 150, Nifty Total Market, Nifty 500 MultiCap 50:25:25, Nifty LargeMidCap 250, Nifty India Defence, Nifty 500 Equal Weight, Nifty MidCap 150 Quality 50, Nifty MidSmallcap 400 Momentum Quality 100, Nifty 500 LargeMidSmall Equal-Cap",1195,INR,-1.8963960265987942,1240303,1.1778258183770962,446143209801,INR,84.11287314089434,14.2071,INR,-7.132818679199643,0.423136964916605,Neutral
BEL,Bharat Electronics Limited,Electronic technology,"Nifty 50, Nifty 500, Nifty 200, Nifty PSE, Nifty CPSE, Nifty 100, Nifty Total Market, Nifty 500 MultiCap 50:25:25, Nifty India Manufacturing, Nifty 50 Equal Weight, Nifty LargeMidCap 250, Nifty India Defence, Nifty 500 Equal Weight, Nifty 100 Equal Weight, Nifty 500 Multicap India Manufacturing 50:30:20, Nifty 200 Quality 30, Nifty 100 Quality 30, Nifty 100 Liquid 15, Nifty 100 Alpha 30, Nifty 500 Quality 50, Nifty 500 LargeMidSmall Equal-Cap, Nifty 500 Multicap Momentum Quality 50, Nifty Alpha Quality Low-Volatility 30",405,INR,-0.24630541871921183,8716895,0.8416103787286555,2969232241281,INR,48.16554676815127,8.4085,INR,11.746803816814177,0.615460364352536,Strong buy
BHARATFORG,Bharat Forge Ltd,Producer manufacturing,"Nifty 500, Nifty Auto, Nifty Infrastructure, Nifty 200, Nifty MidCap Select, Nifty MidCap 100, Nifty MidCap 50, Nifty MidSmallCap 400, Nifty MidCap 150, Nifty Alpha 50, Nifty Total Market, Nifty 500 MultiCap 50:25:25, Nifty 200 Momentum 30, Nifty India Manufacturing, Nifty LargeMidCap 250, Nifty India Defence, Nifty EV & New Age Automotive, Nifty 500 Momentum 50, Nifty MidCap 150 Momentum 50, Nifty 500 Equal Weight, Nifty Transportation & Logistics, Nifty Mobility, Nifty 50 Value 20, Nifty 200 Alpha 30, Nifty 500 Multicap India Manufacturing 50:30:20, Nifty 500 Multicap Infrastructure 50:30:20, Nifty MidSmallcap 400 Momentum Quality 100, Nifty 500 LargeMidSmall Equal-Cap",1954.9,INR,-1.2477268134976671,403296,0.3290392724871977,944989960642,INR,132.34447882041528,14.7713,INR,-31.626697031554485,0.430031366993828,Neutral
BHARTIARTL,Bharti Airtel Limited,Communications,"Nifty 50, Nifty 500, Nifty Infrastructure, Nifty 200, Nifty India Consumption, Nifty Services Sector, Nifty 100, Nifty Total Market, Nifty 500 MultiCap 50:25:25, Nifty India Digital, Nifty 50 Equal Weight, Nifty LargeMidCap 250, Nifty 500 Equal Weight, Nifty 100 Equal Weight, Nifty Rural, Nifty India New Age Consumption, Nifty Alpha Low Volatility 30, Nifty 100 Low Volatility 30, Nifty 500 Multicap Infrastructure 50:30:20, Nifty Non-Cyclical Consumer, Nifty Top 10 Equal Weight Index, Nifty 100 Liquid 15, Nifty 500 LargeMidSmall Equal-Cap, Nifty 500 Low Volatility 50, Nifty Top 20 Equal Weight, Nifty Low Volatility 50, Nifty Top 15 Equal Weight",1839,INR,1.339064308150105,4588126,0.6664577869851401,11344132987361,INR,39.00119612151237,47.1524,INR,-18.80047804538676,1.31955135254014,Strong buy
BHEL,Bharat Heavy Electricals Limited,Producer manufacturing,"Nifty 500, Nifty 200, Nifty MidCap Select, Nifty MidCap 100, Nifty Energy, Nifty MidCap 50, Nifty PSE, Nifty MidSmallCap 400, Nifty MidCap 150, Nifty Alpha 50, Nifty Total Market, Nifty 500 MultiCap 50:25:25, Nifty 200 Momentum 30, Nifty India Manufacturing, Nifty LargeMidCap 250, Nifty 500 Momentum 50, Nifty MidCap 150 Momentum 50, Nifty 500 Equal Weight, Nifty 200 Alpha 30, Nifty 500 Multicap India Manufacturing 50:30:20, Nifty 500 Multicap Infrastructure 50:30:20, Nifty High Beta 50, Nifty 500 LargeMidSmall Equal-Cap",429.5,INR,-0.9684113442471729,3963862,0.5175377235987043,1508777956103,INR,61.4827433184935,6.9857,INR,739.324762705755,0.323101777059774,Neutral
BPCL,Bharat Petroleum Corporation Limited,Energy minerals,"Nifty 500, Nifty Next 50, Nifty Infrastructure, Nifty Oil and Gas, Nifty 200, Nifty Energy, Nifty PSE, Nifty Commodities, Nifty 100, Nifty Total Market, Nifty 500 MultiCap 50:25:25, Nifty India Manufacturing, Nifty LargeMidCap 250, Nifty 500 Equal Weight, Nifty 100 Equal Weight, Nifty Mobility, Nifty 50 Value 20, Nifty Dividend Opportunities 50, Nifty 500 Value 50, Nifty 500 Multicap Infrastructure 50:30:20, Nifty 200 Value 30, Nifty 500 LargeMidSmall Equal-Cap, Nifty 500 Multifactor MQVLv 50",303,INR,-0.1811892604183862,3231631,0.6499393427944575,1316291540415,INR,7.556693909005435,40.0969,INR,-1.167107053418259,7.41595253790376,Buy
BSE,BSE Ltd.,Finance,"Nifty Financial Services, Nifty 500, Nifty Financial Services 25/50, Nifty 200, Nifty MidCap Select, Nifty MidCap 100, Nifty MidCap 50, Nifty MidSmallCap 400, Nifty MidCap 150, Nifty Services Sector, Nifty Alpha 50, Nifty Total Market, Nifty 500 MultiCap 50:25:25, Nifty 200 Momentum 30, Nifty LargeMidCap 250, Nifty Capital Markets, Nifty 500 Momentum 50, Nifty MidCap 150 Momentum 50, Nifty Financial Services Ex-Bank, Nifty 500 Equal Weight, Nifty MidSmall Financial Services, Nifty 200 Alpha 30, Nifty MidCap Liquid 15, Nifty MidCap 150 Quality 50, Nifty High Beta 50, Nifty MidSmallcap 400 Momentum Quality 100, Nifty 500 Quality 50, Nifty 500 LargeMidSmall Equal-Cap, Nifty 500 Multicap Momentum Quality 50",3306,INR,0.4924311508298322,2228183,0.4620486800054778,1339932507827,INR,53.93667579750743,61.2941,INR,87.748031978436,0.303969846191258,Neutral
CANBK,Canara Bank,Finance,"Nifty Bank, Nifty 500, Nifty Next 50, Nifty PSU Bank, Nifty 200, Nifty 100, Nifty Alpha 50, Nifty Total Market, Nifty 500 MultiCap 50:25:25, Nifty LargeMidCap 250, Nifty 500 Equal Weight, Nifty 100 Equal Weight, Nifty Dividend Opportunities 50, Nifty 500 Value 50, Nifty 200 Value 30, Nifty 100 Alpha 30, Nifty 500 LargeMidSmall Equal-Cap, Nifty 500 Multifactor MQVLv 50",124.6,INR,0.41908446163764995,22002938,1.8820660539899836,1126574872123,INR,5.6912388721663705,21.8933,INR,7.343776813512792,3.38164251207729,Buy
CDSL,Central Depository Services (India) Limited,Finance,"Nifty 500, Nifty SmallCap 100, Nifty SmallCap 250, Nifty MidSmallCap 400, Nifty SmallCap 50, Nifty Total Market, Nifty 500 MultiCap 50:25:25, Nifty Capital Markets, Nifty Financial Services Ex-Bank, Nifty 500 Equal Weight, Nifty MidSmall Financial Services, Nifty Smallcap 250 Quality 50, Nifty High Beta 50, Nifty Smallcap 250 Momentum Quality 100, Nifty MidSmallcap 400 Momentum Quality 100, Nifty 500 Quality 50, Nifty 500 LargeMidSmall Equal-Cap",1355,INR,-0.9937162063422409,771857,0.6200133697077638,286037394897,INR,62.08618754152443,21.8245,INR,-13.38831102345018,0.931608943445857,Neutral
CIPLA,Cipla Ltd,Health technology,"Nifty 50, Nifty 500, Nifty Pharma, Nifty Healthcare, Nifty 200, Nifty 100, Nifty Total Market, Nifty 500 MultiCap 50:25:25, Nifty India Manufacturing, Nifty 50 Equal Weight, Nifty LargeMidCap 250, Nifty 500 Equal Weight, Nifty 100 Equal Weight, Nifty 500 Multicap India Manufacturing 50:30:20, Nifty 100 Low Volatility 30, Nifty Growth Sectors 15, Nifty 500 LargeMidSmall Equal-Cap, Nifty 500 Multifactor MQVLv 50, Nifty 500 Low Volatility 50, Nifty Low Volatility 50, Nifty Alpha Quality Low-Volatility 30, Nifty Alpha Quality Value Low-Volatility 30, Nifty Quality Low-Volatility 30",1373.3,INR,0.7482943291027838,826221,1.1199244293877944,1105150372559,INR,32.932853717026376,41.7,INR,-37.509366102202904,0.950292397660819,Buy
COALINDIA,Coal India Ltd.,Energy minerals,"Nifty 50, Nifty 500, Nifty 200, Nifty Energy, Nifty PSE, Nifty Commodities, Nifty CPSE, Nifty 100, Nifty Total Market, Nifty 500 MultiCap 50:25:25, Nifty 50 Equal Weight, Nifty LargeMidCap 250, Nifty 500 Equal Weight, Nifty 100 Equal Weight, Nifty Dividend Opportunities 50, Nifty Alpha Low Volatility 30, Nifty 500 Value 50, Nifty 200 Quality 30, Nifty 200 Value 30, Nifty 100 Quality 30, Nifty 500 Quality 50, Nifty 500 LargeMidSmall Equal-Cap, Nifty 500 Multifactor MQVLv 50, Nifty 500 Low Volatility 50, Nifty 500 Multicap Momentum Quality 50, Nifty Alpha Quality Low-Volatility 30, Nifty Alpha Quality Value Low-Volatility 30, Nifty Quality Low-Volatility 30",432,INR,0.23201856148491878,8811171,0.5718136279642081,2659217354492,INR,8.53218728151083,50.6318,INR,-5.85069786642171,6.14136732329085,Buy
COFORGE,Coforge Limited,Technology services,"Nifty 500, Nifty IT, Nifty 200, Nifty MidCap 100, Nifty MidCap 50, Nifty MidSmallCap 400, Nifty MidCap 150, Nifty Total Market, Nifty 500 MultiCap 50:25:25, Nifty India Digital, Nifty LargeMidCap 250, Nifty 500 Equal Weight, Nifty MidSmall IT & Telecom, Nifty MidCap Liquid 15, Nifty MidCap 150 Quality 50, Nifty MidSmallcap 400 Momentum Quality 100, Nifty 500 LargeMidSmall Equal-Cap",1833.1,INR,-0.6449864498645036,2691550,0.9036151454566742,818029885420,INR,37.54044644685644,48.83,INR,65.3572637995259,0.649737397801722,Buy
CONCOR,Container Corporation of India Limited,Transportation,"Nifty 500, Nifty 200, Nifty MidCap 100, Nifty PSE, Nifty MidSmallCap 400, Nifty MidCap 150, Nifty Total Market, Nifty 500 MultiCap 50:25:25, Nifty LargeMidCap 250, Nifty 500 Equal Weight, Nifty Transportation & Logistics, Nifty Mobility, Nifty 50 Value 20, Nifty 500 Multicap Infrastructure 50:30:20, Nifty 500 LargeMidSmall Equal-Cap",504.15,INR,-1.1470588235294163,932939,0.6617710377858392,388044330200,INR,30.88189352592021,16.3251,INR,-4.145357610489044,1.49165848871443,Buy
CUMMINSIND,Cummins India Limited,Producer manufacturing,"Nifty 500, Nifty Next 50, Nifty Infrastructure, Nifty 200, Nifty MNC, Nifty 100, Nifty Alpha 50, Nifty Total Market, Nifty 500 MultiCap 50:25:25, Nifty 200 Momentum 30, Nifty India Manufacturing, Nifty LargeMidCap 250, Nifty 500 Momentum 50, Nifty 500 Equal Weight, Nifty 100 Equal Weight, Nifty Dividend Opportunities 50, Nifty Rural, Nifty 200 Alpha 30, Nifty Alpha Low Volatility 30, Nifty 200 Quality 30, Nifty 100 Alpha 30, Nifty 500 LargeMidSmall Equal-Cap, Nifty 500 Multifactor MQVLv 50, Nifty 500 Multicap Momentum Quality 50, Nifty Alpha Quality Low-Volatility 30",5155,INR,-0.2997775843728846,817252,2.0719151167165486,1432708263092,INR,60.366531998360564,85.395,INR,10.550987832206392,1.27696623778659,Buy
DIVISLAB,Divi's Laboratories Limited,Health technology,"Nifty 500, Nifty Next 50, Nifty Pharma, Nifty Healthcare, Nifty 200, Nifty 100, Nifty Total Market, Nifty 500 MultiCap 50:25:25, Nifty India Manufacturing, Nifty LargeMidCap 250, Nifty 500 Equal Weight, Nifty 100 Equal Weight, Nifty 500 Multicap India Manufacturing 50:30:20, Nifty Growth Sectors 15, Nifty 100 Quality 30, Nifty 500 LargeMidSmall Equal-Cap, Nifty 500 Low Volatility 50, Nifty Low Volatility 50, Nifty Alpha Quality Low-Volatility 30, Nifty Quality Low-Volatility 30",9438.5,INR,-0.5217116357504217,338181,0.6327777848464594,2517372052719,INR,85.66242370612393,110.1825,INR,26.842939585772452,0.316363923967204,Neutral
DIXON,Dixon Technologies (India) Ltd.,Electronic technology,"Nifty 500, Nifty Consumer Durables, Nifty 200, Nifty MidCap Select, Nifty MidCap 100, Nifty MidCap 50, Nifty MidSmallCap 400, Nifty MidCap 150, Nifty India Consumption, Nifty Total Market, Nifty 500 MultiCap 50:25:25, Nifty India Manufacturing, Nifty LargeMidCap 250, Nifty 500 Equal Weight, Nifty Housing, Nifty Rural, Nifty 500 Multicap India Manufacturing 50:30:20, Nifty India New Age Consumption, Nifty Core Housing, Nifty MidCap Liquid 15, Nifty 200 Quality 30, Nifty Non-Cyclical Consumer, Nifty MidCap 150 Quality 50, Nifty High Beta 50, Nifty MidSmall India Consumption, Nifty MidSmallcap 400 Momentum Quality 100, Nifty 500 Quality 50, Nifty 500 LargeMidSmall Equal-Cap",13500,INR,-2.4918743228602382,467984,1.7819727493542985,845002592249,INR,43.78194257560412,308.3463,INR,56.2261965621211,0.0578858635485482,Buy
DRREDDY,Dr. Reddy's Laboratories Ltd.,Health technology,"Nifty 50, Nifty 500, Nifty Pharma, Nifty Healthcare, Nifty 200, Nifty 100, Nifty Total Market, Nifty 500 MultiCap 50:25:25, Nifty India Manufacturing, Nifty 50 Equal Weight, Nifty LargeMidCap 250, Nifty 500 Equal Weight, Nifty 100 Equal Weight, Nifty 500 Multicap India Manufacturing 50:30:20, Nifty 100 Low Volatility 30, Nifty 100 Quality 30, Nifty 500 LargeMidSmall Equal-Cap, Nifty 500 Low Volatility 50, Nifty Low Volatility 50, Nifty Alpha Quality Low-Volatility 30, Nifty Alpha Quality Value Low-Volatility 30, Nifty Quality Low-Volatility 30",1143,INR,-0.17467248908296942,1684792,2.3350816499381457,953737166491,INR,28.80508058114187,39.6805,INR,-41.71420933265961,0.699790062981106,Neutral
EICHERMOT,Eicher Motors Limited,Consumer durables,"Nifty 50, Nifty 500, Nifty Auto, Nifty 200, Nifty India Consumption, Nifty 100, Nifty Alpha 50, Nifty Total Market, Nifty 500 MultiCap 50:25:25, Nifty India Manufacturing, Nifty 50 Equal Weight, Nifty LargeMidCap 250, Nifty EV & New Age Automotive, Nifty 500 Equal Weight, Nifty 100 Equal Weight, Nifty Transportation & Logistics, Nifty Mobility, Nifty 50 Value 20, Nifty Rural, Nifty 200 Alpha 30, Nifty 500 Multicap India Manufacturing 50:30:20, Nifty India New Age Consumption, Nifty Alpha Low Volatility 30, Nifty Growth Sectors 15, Nifty 100 Quality 30, Nifty 100 Alpha 30, Nifty 500 LargeMidSmall Equal-Cap, Nifty 500 Low Volatility 50, Nifty 500 Multicap Momentum Quality 50, Nifty Alpha Quality Low-Volatility 30, Nifty Alpha Quality Value Low-Volatility 30, Nifty Quality Low-Volatility 30",7697,INR,-0.4848406490400155,289058,0.5252250019442144,2127461093095,INR,36.64016756319322,210.07,INR,19.26308618144658,1.05810547505065,Buy
ETERNAL,Eternal Limited,Technology services,"Nifty 50, Nifty 500, Nifty 200, Nifty India Consumption, Nifty Services Sector, Nifty 100, Nifty Total Market, Nifty 500 MultiCap 50:25:25, Nifty India Digital, Nifty 50 Equal Weight, Nifty LargeMidCap 250, Nifty 500 Equal Weight, Nifty 100 Equal Weight, Nifty Transportation & Logistics, Nifty Mobility, Nifty 50 Value 20, Nifty India New Age Consumption, Nifty Non-Cyclical Consumer, Nifty 100 Liquid 15, Nifty 500 LargeMidSmall Equal-Cap, Nifty Top 20 Equal Weight",322.1,INR,0.4678727386150967,15557911,0.3385171164833052,3088112187500,INR,681.5488785442235,0.4726,INR,42.178098676293644,0,Strong buy
FEDERALBNK,Federal Bank Ltd. (India),Finance,"Nifty Bank, Nifty 500, Nifty Private Bank, Nifty 200, Nifty MidCap 100, Nifty MidCap 50, Nifty MidSmallCap 400, Nifty MidCap 150, Nifty Alpha 50, Nifty Total Market, Nifty 500 MultiCap 50:25:25, Nifty 200 Momentum 30, Nifty LargeMidCap 250, Nifty 500 Momentum 50, Nifty MidCap 150 Momentum 50, Nifty 500 Equal Weight, Nifty Housing, Nifty MidSmall Financial Services, Nifty 200 Alpha 30, Nifty Alpha Low Volatility 30, Nifty 500 Value 50, Nifty 200 Value 30, Nifty MidSmallcap 400 Momentum Quality 100, Nifty 500 LargeMidSmall Equal-Cap, Nifty 500 Low Volatility 50, Nifty Alpha Quality Value Low-Volatility 30",346,INR,0.2898550724637681,5314983,1.1109597776300826,843647840798,INR,18.512573568753343,18.69,INR,14.38188494492045,0.347977381470204,Buy
HAL,Hindustan Aeronautics Limited,Electronic technology,"Nifty 500, Nifty Next 50, Nifty 200, Nifty PSE, Nifty 100, Nifty Total Market, Nifty 500 MultiCap 50:25:25, Nifty India Manufacturing, Nifty LargeMidCap 250, Nifty India Defence, Nifty 500 Equal Weight, Nifty 100 Equal Weight, Nifty 500 Multicap India Manufacturing 50:30:20, Nifty 200 Quality 30, Nifty 100 Quality 30, Nifty 100 Liquid 15, Nifty 500 LargeMidSmall Equal-Cap",4950,INR,-1.0098990100989902,688500,0.7514582218697591,3348556547241,INR,35.51465033136245,139.3791,INR,12.159999227476712,0.898741761533853,Buy
HCLTECH,HCL Technologies Limited,Technology services,"Nifty 50, Nifty 500, Nifty IT, Nifty 200, Nifty Services Sector, Nifty 100, Nifty Total Market, Nifty 500 MultiCap 50:25:25, Nifty India Digital, Nifty 50 Equal Weight, Nifty LargeMidCap 250, Nifty 500 Equal Weight, Nifty 100 Equal Weight, Nifty Dividend Opportunities 50, Nifty 100 Low Volatility 30, Nifty 200 Quality 30, Nifty 100 Quality 30, Nifty 500 LargeMidSmall Equal-Cap, Nifty Top 20 Equal Weight, Nifty Low Volatility 50, Nifty Quality Low-Volatility 30",1207,INR,-1.8539599934948736,2197859,0.866410724030363,3328445986165,INR,18.778217889558565,64.2766,INR,2.694679661287743,4.89176959765195,Neutral
HDFCAMC,HDFC Asset Management Co. Ltd.,Finance,"Nifty 500, Nifty Next 50, Nifty 200, Nifty 100, Nifty Alpha 50, Nifty Total Market, Nifty 500 MultiCap 50:25:25, Nifty LargeMidCap 250, Nifty Capital Markets, Nifty Financial Services Ex-Bank, Nifty 500 Equal Weight, Nifty 100 Equal Weight, Nifty Dividend Opportunities 50, Nifty India New Age Consumption, Nifty 200 Quality 30, Nifty High Beta 50, Nifty 100 Quality 30, Nifty 500 Quality 50, Nifty 500 LargeMidSmall Equal-Cap, Nifty 500 Multifactor MQVLv 50, Nifty 500 Multicap Momentum Quality 50, Nifty Alpha Quality Low-Volatility 30",2433.8,INR,-0.2540983606557302,370540,0.44529977637668705,1040723123199,INR,35.5091917128684,68.54,INR,12.934585598945475,2.22496909765142,Strong buy
HDFCBANK,HDFC Bank Limited,Finance,"Nifty 50, Nifty Bank, Nifty Financial Services, Nifty 500, Nifty Financial Services 25/50, Nifty Private Bank, Nifty 200, Nifty Services Sector, Nifty 100, Nifty Total Market, Nifty 500 MultiCap 50:25:25, Nifty 50 Equal Weight, Nifty LargeMidCap 250, Nifty 500 Equal Weight, Nifty Housing, Nifty 100 Equal Weight, Nifty 100 Low Volatility 30, Nifty Top 10 Equal Weight Index, Nifty 500 LargeMidSmall Equal-Cap, Nifty Top 20 Equal Weight, Nifty Low Volatility 50, Nifty Top 15 Equal Weight, Nifty Quality Low-Volatility 30",693.8,INR,0.975112792897676,27108053,0.8067143560455121,10593370829102,INR,13.556076592418913,51.18,INR,11.34558903513542,1.8915969443434,Strong buy
HDFCLIFE,HDFC Life Insurance Co. Ltd.,Finance,"Nifty 50, Nifty Financial Services, Nifty 500, Nifty Financial Services 25/50, Nifty 200, Nifty Services Sector, Nifty 100, Nifty Total Market, Nifty 500 MultiCap 50:25:25, Nifty 50 Equal Weight, Nifty LargeMidCap 250, Nifty Financial Services Ex-Bank, Nifty 500 Equal Weight, Nifty 100 Equal Weight, Nifty Rural, Nifty 500 LargeMidSmall Equal-Cap, Nifty 500 Low Volatility 50, Nifty Low Volatility 50",526.15,INR,2.36381322957198,4125818,1.2445216085900996,1117412513441,INR,57.502732240437155,9.15,INR,4.847026469577174,0.408282298046078,Strong buy
HEROMOTOCO,Hero Motocorp Limited,Consumer durables,"Nifty 500, Nifty Auto, Nifty 200, Nifty MidCap Select, Nifty MidCap 100, Nifty MidCap 50, Nifty MidSmallCap 400, Nifty MidCap 150, Nifty India Consumption, Nifty Total Market, Nifty 500 MultiCap 50:25:25, Nifty LargeMidCap 250, Nifty EV & New Age Automotive, Nifty 500 Equal Weight, Nifty Transportation & Logistics, Nifty Mobility, Nifty 50 Value 20, Nifty Dividend Opportunities 50, Nifty Rural, Nifty 500 Multicap India Manufacturing 50:30:20, Nifty India New Age Consumption, Nifty MidCap Liquid 15, Nifty 200 Quality 30, Nifty MidCap 150 Quality 50, Nifty MidSmallcap 400 Momentum Quality 100, Nifty 500 LargeMidSmall Equal-Cap, Nifty Low Volatility 50, Nifty Alpha Quality Low-Volatility 30, Nifty Alpha Quality Value Low-Volatility 30, Nifty Quality Low-Volatility 30",5280,INR,1.1881947106170947,501164,0.7353163848240455,1048339630920,INR,19.40605704204646,272.08,INR,8.15280041340382,3.53188239786178,Buy
HINDALCO,Hindalco Industries Limited,Non-energy minerals,"Nifty 50, Nifty 500, Nifty Metal, Nifty 200, Nifty Commodities, Nifty 100, Nifty Alpha 50, Nifty Total Market, Nifty 500 MultiCap 50:25:25, Nifty 200 Momentum 30, Nifty India Manufacturing, Nifty 50 Equal Weight, Nifty LargeMidCap 250, Nifty 500 Momentum 50, Nifty 500 Equal Weight, Nifty 100 Equal Weight, Nifty 200 Alpha 30, Nifty 500 Multicap India Manufacturing 50:30:20, Nifty Alpha Low Volatility 30, Nifty 500 Value 50, Nifty 200 Value 30, Nifty 100 Alpha 30, Nifty 500 LargeMidSmall Equal-Cap, Nifty 500 Multifactor MQVLv 50, Nifty India Select 5 Corporate Groups (MAATR), Nifty Alpha Quality Value Low-Volatility 30",1014,INR,-1.256208004674271,2172772,0.7468981310702755,2303407226562,INR,13.756613756613758,73.71,INR,-3.1533307055577526,0.48780487804878,Buy
HINDPETRO,Hindustan Petroleum Corporation Limited,Energy minerals,"Nifty 500, Nifty Infrastructure, Nifty Oil and Gas, Nifty 200, Nifty MidCap Select, Nifty MidCap 100, Nifty Energy, Nifty MidCap 50, Nifty PSE, Nifty MidSmallCap 400, Nifty MidCap 150, Nifty Commodities, Nifty Total Market, Nifty 500 MultiCap 50:25:25, Nifty LargeMidCap 250, Nifty 500 Equal Weight, Nifty Mobility, Nifty 50 Value 20, Nifty Dividend Opportunities 50, Nifty 500 Multicap India Manufacturing 50:30:20, Nifty 500 Value 50, Nifty 500 Multicap Infrastructure 50:30:20, Nifty 200 Value 30, Nifty High Beta 50, Nifty 500 LargeMidSmall Equal-Cap, Nifty 500 Multifactor MQVLv 50",352.65,INR,1.074806534823732,2991765,0.6982392044078224,742610055908,INR,44.89782926984531,7.8545,INR,-83.63509459121593,6.94842406876791,Neutral
HINDUNILVR,Hindustan Unilever Limited,Consumer non-durables,"Nifty 50, Nifty 500, Nifty FMCG, Nifty 200, Nifty India Consumption, Nifty MNC, Nifty 100, Nifty Total Market, Nifty 500 MultiCap 50:25:25, Nifty 50 Equal Weight, Nifty LargeMidCap 250, Nifty 500 Equal Weight, Nifty 100 Equal Weight, Nifty Dividend Opportunities 50, Nifty Rural, Nifty 100 Low Volatility 30, Nifty 200 Quality 30, Nifty Non-Cyclical Consumer, Nifty Growth Sectors 15, Nifty 100 Quality 30, Nifty 500 LargeMidSmall Equal-Cap, Nifty Top 20 Equal Weight, Nifty Low Volatility 50, Nifty Top 15 Equal Weight, Nifty Alpha Quality Low-Volatility 30, Nifty Alpha Quality Value Low-Volatility 30, Nifty Quality Low-Volatility 30",1942.3,INR,-0.13881748071979666,1232506,0.9162241430911381,4569955095215,INR,30.51829086258206,63.6438,INR,38.524122740193526,2.10796915167095,Buy
ICICIBANK,ICICI Bank Limited,Finance,"Nifty 50, Nifty Bank, Nifty Financial Services, Nifty 500, Nifty Financial Services 25/50, Nifty Private Bank, Nifty 200, Nifty Services Sector, Nifty 100, Nifty Total Market, Nifty 500 MultiCap 50:25:25, Nifty 50 Equal Weight, Nifty LargeMidCap 250, Nifty 500 Equal Weight, Nifty Housing, Nifty 100 Equal Weight, Nifty Alpha Low Volatility 30, Nifty 100 Low Volatility 30, Nifty Top 10 Equal Weight Index, Nifty 500 LargeMidSmall Equal-Cap, Nifty Top 20 Equal Weight, Nifty Low Volatility 50, Nifty Top 15 Equal Weight, Nifty Alpha Quality Low-Volatility 30, Nifty Alpha Quality Value Low-Volatility 30, Nifty Quality Low-Volatility 30",1384.5,INR,-0.33114966525087536,10580641,0.9960554170529293,9977113376288,INR,17.896845915201656,77.36,INR,7.369882026370579,0.863247248399396,Strong buy
IDEA,Vodafone Idea Ltd,Communications,"Nifty 500, Nifty 200, Nifty MidCap 100, Nifty MidSmallCap 400, Nifty MidCap 150, Nifty Alpha 50, Nifty Total Market, Nifty 500 MultiCap 50:25:25, Nifty 200 Momentum 30, Nifty India Digital, Nifty LargeMidCap 250, Nifty 500 Momentum 50, Nifty MidCap 150 Momentum 50, Nifty 500 Equal Weight, Nifty MidSmall IT & Telecom, Nifty Rural, Nifty 200 Alpha 30, Nifty India New Age Consumption, Nifty 500 Multicap Infrastructure 50:30:20, Nifty High Beta 50, Nifty MidSmall India Consumption, Nifty 500 LargeMidSmall Equal-Cap, Nifty India Select 5 Corporate Groups (MAATR)",14.9,INR,-3.994845360824737,888431120,1.9978445105705596,1680400439485,INR,4.315713251267198,3.4525,INR,,0,Neutral
INDHOTEL,Indian Hotels Co. Ltd.,Consumer services,"Nifty 500, Nifty Next 50, Nifty Infrastructure, Nifty 200, Nifty India Consumption, Nifty 100, Nifty Total Market, Nifty 500 MultiCap 50:25:25, Nifty LargeMidCap 250, Nifty India Tourism, Nifty 500 Equal Weight, Nifty 100 Equal Weight, Nifty India New Age Consumption, Nifty Tata Group 25% Cap, Nifty 500 Multicap Infrastructure 50:30:20, Nifty Non-Cyclical Consumer, Nifty MidSmall India Consumption, Nifty 500 LargeMidSmall Equal-Cap, Nifty India Select 5 Corporate Groups (MAATR)",715.75,INR,-0.9685230024213075,991880,0.5037033531150542,1027718085205,INR,47.47738066809945,15.0756,INR,9.733302276829901,0.450138504155125,Strong buy
INDIANB,Indian Bank,Finance,"Nifty 500, Nifty PSU Bank, Nifty 200, Nifty MidCap Select, Nifty MidCap 100, Nifty MidSmallCap 400, Nifty MidCap 150, Nifty Alpha 50, Nifty Total Market, Nifty 500 MultiCap 50:25:25, Nifty LargeMidCap 250, Nifty MidCap 150 Momentum 50, Nifty 500 Equal Weight, Nifty Dividend Opportunities 50, Nifty MidSmall Financial Services, Nifty Rural, Nifty 200 Alpha 30, Nifty 500 Value 50, Nifty 200 Value 30, Nifty MidCap 150 Quality 50, Nifty MidSmallcap 400 Momentum Quality 100, Nifty 500 LargeMidSmall Equal-Cap",856.5,INR,-0.017510068289263676,1181088,1.041589115508036,1151654210815,INR,9.023987053502287,94.9137,INR,16.568087306597373,2.13450292397661,Strong buy
INDIGO,InterGlobe Aviation Ltd,Transportation,"Nifty 50, Nifty 500, Nifty Infrastructure, Nifty 200, Nifty India Consumption, Nifty Services Sector, Nifty 100, Nifty Total Market, Nifty 500 MultiCap 50:25:25, Nifty 50 Equal Weight, Nifty LargeMidCap 250, Nifty India Tourism, Nifty 500 Equal Weight, Nifty 100 Equal Weight, Nifty Transportation & Logistics, Nifty Mobility, Nifty 50 Value 20, Nifty India New Age Consumption, Nifty 500 Multicap Infrastructure 50:30:20, Nifty Non-Cyclical Consumer, Nifty High Beta 50, Nifty 100 Liquid 15, Nifty 500 LargeMidSmall Equal-Cap",4945,INR,-0.6030150753768844,813491,1.3964168251635893,1919567608736,INR,,-124.338,INR,-171.76382315595058,0.201434211586496,Buy
INFY,Infosys Limited,Technology services,"Nifty 50, Nifty 500, Nifty IT, Nifty 200, Nifty Services Sector, Nifty 100, Nifty Total Market, Nifty 500 MultiCap 50:25:25, Nifty India Digital, Nifty 50 Equal Weight, Nifty LargeMidCap 250, Nifty 500 Equal Weight, Nifty 100 Equal Weight, Nifty Dividend Opportunities 50, Nifty 100 Low Volatility 30, Nifty 200 Quality 30, Nifty Growth Sectors 15, Nifty Top 10 Equal Weight Index, Nifty 100 Quality 30, Nifty 500 Quality 50, Nifty 500 LargeMidSmall Equal-Cap, Nifty Top 20 Equal Weight, Nifty Low Volatility 50, Nifty Top 15 Equal Weight, Nifty Quality Low-Volatility 30",1036.5,INR,0.14492753623188406,8998529,1.039330586634246,4200270556641.0005,INR,14.001004992543603,74.0304,INR,12.70552700168076,4.63768115942029,Buy
IOC,Indian Oil Corp. Ltd.,Energy minerals,"Nifty 500, Nifty Next 50, Nifty Infrastructure, Nifty Oil and Gas, Nifty 200, Nifty Energy, Nifty PSE, Nifty Commodities, Nifty 100, Nifty Total Market, Nifty 500 MultiCap 50:25:25, Nifty India Manufacturing, Nifty LargeMidCap 250, Nifty 500 Equal Weight, Nifty 100 Equal Weight, Nifty Mobility, Nifty 50 Value 20, Nifty Dividend Opportunities 50, Nifty 500 Value 50, Nifty 200 Value 30, Nifty 500 LargeMidSmall Equal-Cap, Nifty 500 Multifactor MQVLv 50, Nifty 500 Low Volatility 50",134.94,INR,-0.48672566371681164,6629384,0.9542280483873409,1909897477539,INR,5.522248186055648,24.4357,INR,99.32215279703739,6.09981515711645,Buy
ITC,ITC Limited,Consumer non-durables,"Nifty 50, Nifty 500, Nifty FMCG, Nifty 200, Nifty India Consumption, Nifty 100, Nifty Total Market, Nifty 500 MultiCap 50:25:25, Nifty 50 Equal Weight, Nifty LargeMidCap 250, Nifty 500 Equal Weight, Nifty 100 Equal Weight, Nifty Dividend Opportunities 50, Nifty Rural, Nifty 100 Low Volatility 30, Nifty 200 Quality 30, Nifty 200 Value 30, Nifty Non-Cyclical Consumer, Nifty Top 10 Equal Weight Index, Nifty 100 Quality 30, Nifty 500 LargeMidSmall Equal-Cap, Nifty 500 Multifactor MQVLv 50, Nifty Top 20 Equal Weight, Nifty Low Volatility 50, Nifty Top 15 Equal Weight, Nifty Alpha Quality Low-Volatility 30, Nifty Alpha Quality Value Low-Volatility 30, Nifty Quality Low-Volatility 30",259.3,INR,-0.5751533742331288,17541602,1.2014282403272631,3272779270530,INR,16.37067294640546,15.8393,INR,-43.17943750896829,5.55130168453293,Buy
JIOFIN,Jio Financial Services Limited,Finance,"Nifty 50, Nifty Financial Services, Nifty 500, Nifty Financial Services 25/50, Nifty 200, Nifty Services Sector, Nifty 100, Nifty Total Market, Nifty 500 MultiCap 50:25:25, Nifty 50 Equal Weight, Nifty LargeMidCap 250, Nifty Financial Services Ex-Bank, Nifty 500 Equal Weight, Nifty 100 Equal Weight, Nifty High Beta 50, Nifty 500 LargeMidSmall Equal-Cap, Nifty India Select 5 Corporate Groups (MAATR)",230.25,INR,-0.3246753246753247,8980169,0.7869639198380337,1525325709961,INR,71.59737554028422,3.2159,INR,25.758642264977322,0.25974025974026,Strong buy
JUBLFOOD,Jubilant Foodworks Limited,Consumer services,"Nifty 500, Nifty 200, Nifty MidCap 100, Nifty MidSmallCap 400, Nifty MidCap 150, Nifty Total Market, Nifty 500 MultiCap 50:25:25, Nifty LargeMidCap 250, Nifty India Tourism, Nifty 500 Equal Weight, Nifty India New Age Consumption, Nifty Non-Cyclical Consumer, Nifty 500 LargeMidSmall Equal-Cap",473.8,INR,-0.4517281227019597,962855,1.1168749609962865,313756399658,INR,71.80202161031718,6.5987,INR,75.87153518123668,0.252365930599369,Buy
KAYNES,Kaynes Technology India Ltd.,Electronic technology,"Nifty 500, Nifty SmallCap 100, Nifty SmallCap 250, Nifty MidSmallCap 400, Nifty SmallCap 50, Nifty Total Market, Nifty 500 MultiCap 50:25:25, Nifty India Manufacturing, Nifty 500 Equal Weight, Nifty 500 Multicap India Manufacturing 50:30:20, Nifty 500 Multicap Infrastructure 50:30:20, Nifty High Beta 50, Nifty 500 LargeMidSmall Equal-Cap",3499,INR,-3.208852005532503,848357,0.8274512779717872,241740361329,INR,68.73993163333463,50.902,INR,3.7123064384678135,0,Neutral
KOTAKBANK,Kotak Mahindra Bank Limited,Finance,"Nifty 50, Nifty Bank, Nifty Financial Services, Nifty 500, Nifty Financial Services 25/50, Nifty Private Bank, Nifty 200, Nifty Services Sector, Nifty 100, Nifty Total Market, Nifty 500 MultiCap 50:25:25, Nifty 50 Equal Weight, Nifty LargeMidCap 250, Nifty 500 Equal Weight, Nifty Housing, Nifty 100 Equal Weight, Nifty 100 Low Volatility 30, Nifty Top 10 Equal Weight Index, Nifty 100 Liquid 15, Nifty 500 LargeMidSmall Equal-Cap, Nifty Top 20 Equal Weight, Nifty Low Volatility 50, Nifty Top 15 Equal Weight, Nifty Quality Low-Volatility 30",416.55,INR,0.61594202898551,7755254,0.5770561864294,4122308689284,INR,20.412813689889887,20.4063,INR,5.9319130380614284,0.156853281853282,Buy
LICI,Life Insurance Corp. of India,Finance,"Nifty 500, Nifty MidCap Select, Nifty MidSmallCap 400, Nifty MidCap 150, Nifty Total Market, Nifty 500 MultiCap 50:25:25, Nifty LargeMidCap 250, Nifty Financial Services Ex-Bank, Nifty 500 Equal Weight, Nifty MidSmall Financial Services, Nifty Rural, Nifty 500 LargeMidSmall Equal-Cap, Nifty 500 Low Volatility 50",405.6,INR,-0.46625766871165086,7670673,1.261475106660532,5152342856812,INR,8.539954184072228,47.4944,INR,23.284584754517933,2.45519273262951,Strong buy
LT,Larsen & Toubro Limited,Industrial services,"Nifty 50, Nifty 500, Nifty Infrastructure, Nifty 200, Nifty 100, Nifty Total Market, Nifty 500 MultiCap 50:25:25, Nifty 50 Equal Weight, Nifty LargeMidCap 250, Nifty 500 Equal Weight, Nifty Housing, Nifty 100 Equal Weight, Nifty 100 Low Volatility 30, Nifty 500 Multicap Infrastructure 50:30:20, Nifty Top 10 Equal Weight Index, Nifty 500 LargeMidSmall Equal-Cap, Nifty Top 20 Equal Weight, Nifty Low Volatility 50, Nifty Top 15 Equal Weight",3955,INR,0.8259827665324043,1376951,1.0175178169867334,5400274398804,INR,32.80796350062215,120.55,INR,4.526142374057053,0.968152866242038,Buy
LUPIN,Lupin Limited,Health technology,"Nifty 500, Nifty Pharma, Nifty Healthcare, Nifty 200, Nifty MidCap Select, Nifty MidCap 100, Nifty MidCap 50, Nifty MidSmallCap 400, Nifty MidCap 150, Nifty Total Market, Nifty 500 MultiCap 50:25:25, Nifty India Manufacturing, Nifty LargeMidCap 250, Nifty MidCap 150 Momentum 50, Nifty 500 Equal Weight, Nifty 500 Multicap India Manufacturing 50:30:20, Nifty MidSmall Healthcare, Nifty Alpha Low Volatility 30, Nifty MidSmallcap 400 Momentum Quality 100, Nifty 500 LargeMidSmall Equal-Cap, Nifty 500 Multifactor MQVLv 50, Nifty 500 Low Volatility 50, Nifty Low Volatility 50, Nifty Alpha Quality Low-Volatility 30, Nifty Alpha Quality Value Low-Volatility 30, Nifty Quality Low-Volatility 30",2077.8,INR,-1.0571428571428485,624838,0.8007597014762788,956600198242,INR,17.210303984096747,120.73,INR,49.38134125216532,0.860420650095602,Neutral
M&M,Mahindra & Mahindra Ltd.,Consumer durables,"Nifty 50, Nifty 500, Nifty Auto, Nifty 200, Nifty India Consumption, Nifty 100, Nifty Total Market, Nifty 500 MultiCap 50:25:25, Nifty India Manufacturing, Nifty 50 Equal Weight, Nifty LargeMidCap 250, Nifty EV & New Age Automotive, Nifty 500 Equal Weight, Nifty 100 Equal Weight, Nifty Transportation & Logistics, Nifty Mobility, Nifty 50 Value 20, Nifty Rural, Nifty 500 Multicap India Manufacturing 50:30:20, Nifty India New Age Consumption, Nifty Growth Sectors 15, Nifty High Beta 50, Nifty 100 Alpha 30, Nifty 500 LargeMidSmall Equal-Cap, Nifty Top 20 Equal Weight, Nifty India Select 5 Corporate Groups (MAATR), Nifty Top 15 Equal Weight",3123.8,INR,-0.831746031746026,2140618,1.0785715048702087,3917116131592,INR,19.01625372861752,164.27,INR,34.44917335079391,1.04761904761905,Strong buy
MARUTI,Maruti Suzuki India Limited,Consumer durables,"Nifty 50, Nifty 500, Nifty Auto, Nifty 200, Nifty India Consumption, Nifty MNC, Nifty 100, Nifty Total Market, Nifty 500 MultiCap 50:25:25, Nifty India Manufacturing, Nifty 50 Equal Weight, Nifty LargeMidCap 250, Nifty EV & New Age Automotive, Nifty 500 Equal Weight, Nifty 100 Equal Weight, Nifty Transportation & Logistics, Nifty Mobility, Nifty 50 Value 20, Nifty Rural, Nifty 500 Multicap India Manufacturing 50:30:20, Nifty India New Age Consumption, Nifty Alpha Low Volatility 30, Nifty 100 Low Volatility 30, Nifty Growth Sectors 15, Nifty 100 Quality 30, Nifty 100 Liquid 15, Nifty 100 Alpha 30, Nifty 500 LargeMidSmall Equal-Cap, Nifty 500 Low Volatility 50, Nifty Top 20 Equal Weight, Nifty Low Volatility 50, Nifty Top 15 Equal Weight, Nifty Alpha Quality Low-Volatility 30, Nifty Alpha Quality Value Low-Volatility 30, Nifty Quality Low-Volatility 30",12590,INR,-0.22190521477254715,338613,0.742974813111488,3970275494507,INR,27.61496015790756,455.9123,INR,-1.368622179108366,1.10864745011086,Buy
MAXHEALTH,Max Healthcare Institute Ltd,Health services,"Nifty 50, Nifty 500, Nifty Infrastructure, Nifty Healthcare, Nifty 200, Nifty India Consumption, Nifty Services Sector, Nifty 100, Nifty Total Market, Nifty 500 MultiCap 50:25:25, Nifty 50 Equal Weight, Nifty LargeMidCap 250, Nifty 500 Equal Weight, Nifty 100 Equal Weight, Nifty 500 Multicap Infrastructure 50:30:20, Nifty MidSmall India Consumption, Nifty 500 LargeMidSmall Equal-Cap",1038.6,INR,0.1060240963855334,2579310,1.34320299633145,1008801081116,INR,69.6579476861167,14.91,INR,27.109974424552423,0.192957067052581,Buy
MAZDOCK,Mazagon Dock Shipbuilders Ltd.,Producer manufacturing,"Nifty 500, Nifty Next 50, Nifty 200, Nifty 100, Nifty Total Market, Nifty 500 MultiCap 50:25:25, Nifty India Manufacturing, Nifty LargeMidCap 250, Nifty India Defence, Nifty 500 Equal Weight, Nifty 100 Equal Weight, Nifty Transportation & Logistics, Nifty 200 Quality 30, Nifty High Beta 50, Nifty 100 Quality 30, Nifty 500 Quality 50, Nifty 500 LargeMidSmall Equal-Cap",2383.2,INR,-1.062769843905694,395925,0.770434089526611,971742431763,INR,33.63840130082035,70.8476,INR,31.72493934126003,0.752179327521793,Neutral
MCX,Multi Commodity Exchange of India Limited,Finance,"Nifty 500, Nifty 200, Nifty MidCap 100, Nifty MidCap 50, Nifty MidSmallCap 400, Nifty MidCap 150, Nifty Alpha 50, Nifty Total Market, Nifty 500 MultiCap 50:25:25, Nifty 200 Momentum 30, Nifty LargeMidCap 250, Nifty Capital Markets, Nifty 500 Momentum 50, Nifty MidCap 150 Momentum 50, Nifty Financial Services Ex-Bank, Nifty 500 Equal Weight, Nifty MidSmall Financial Services, Nifty 200 Alpha 30, Nifty MidCap Liquid 15, Nifty High Beta 50, Nifty MidSmallcap 400 Momentum Quality 100, Nifty 500 LargeMidSmall Equal-Cap, Nifty 500 Multicap Momentum Quality 50",3300,INR,-1.4925373134328357,1308638,0.6352084674140384,851685496112,INR,54.475042176888714,60.5782,INR,136.36030215063832,0.239517372494424,Buy
MOTHERSON,Samvardhana Motherson International Limited,Producer manufacturing,"Nifty 500, Nifty Next 50, Nifty Auto, Nifty Infrastructure, Nifty 200, Nifty 100, Nifty Total Market, Nifty 500 MultiCap 50:25:25, Nifty 200 Momentum 30, Nifty India Manufacturing, Nifty LargeMidCap 250, Nifty EV & New Age Automotive, Nifty 500 Equal Weight, Nifty 100 Equal Weight, Nifty Transportation & Logistics, Nifty Mobility, Nifty 50 Value 20, Nifty High Beta 50, Nifty 100 Alpha 30, Nifty 500 LargeMidSmall Equal-Cap",163.2,INR,-0.3054367745876604,5599332,0.4592441686153721,1728757869123,INR,39.27703304372939,4.1551,INR,32.06305819534055,0.366300366300366,Buy
MUTHOOTFIN,Muthoot Finance Ltd,Finance,"Nifty Financial Services, Nifty 500, Nifty Next 50, Nifty Financial Services 25/50, Nifty 200, Nifty 100, Nifty Alpha 50, Nifty Total Market, Nifty 500 MultiCap 50:25:25, Nifty LargeMidCap 250, Nifty Financial Services Ex-Bank, Nifty 500 Equal Weight, Nifty 100 Equal Weight, Nifty Rural, Nifty 200 Alpha 30, Nifty 100 Alpha 30, Nifty 500 LargeMidSmall Equal-Cap, Nifty 500 Multicap Momentum Quality 50",2841.5,INR,0.9413854351687388,408226,0.564748231296846,1132141100464,INR,10.030354043434627,283.2901,INR,84.78855875542219,1.06382978723404,Neutral
NAUKRI,Info Edge India Ltd.,Technology services,"Nifty 500, Nifty 200, Nifty MidCap Select, Nifty MidCap 100, Nifty MidCap 50, Nifty MidSmallCap 400, Nifty MidCap 150, Nifty India Consumption, Nifty Services Sector, Nifty Total Market, Nifty 500 MultiCap 50:25:25, Nifty India Digital, Nifty LargeMidCap 250, Nifty 500 Equal Weight, Nifty India New Age Consumption, Nifty Non-Cyclical Consumer, Nifty 500 LargeMidSmall Equal-Cap",1265,INR,-0.15785319652722968,981803,0.7193405825468637,820252127686,INR,52.12196126905645,24.27,INR,53.70487650411654,0.66403162055336,Strong buy
NTPC,NTPC Limited,Utilities,"Nifty 50, Nifty 500, Nifty Infrastructure, Nifty 200, Nifty Energy, Nifty PSE, Nifty Commodities, Nifty CPSE, Nifty Services Sector, Nifty 100, Nifty Total Market, Nifty 500 MultiCap 50:25:25, Nifty 200 Momentum 30, Nifty 50 Equal Weight, Nifty LargeMidCap 250, Nifty 500 Equal Weight, Nifty Housing, Nifty 100 Equal Weight, Nifty Dividend Opportunities 50, Nifty Rural, Nifty Alpha Low Volatility 30, Nifty 500 Value 50, Nifty 100 Low Volatility 30, Nifty 500 Multicap Infrastructure 50:30:20, Nifty 200 Value 30, Nifty 500 LargeMidSmall Equal-Cap, Nifty 500 Low Volatility 50, Nifty Top 20 Equal Weight, Nifty Low Volatility 50, Nifty Alpha Quality Value Low-Volatility 30",335,INR,0.14947683109118087,6905905,0.7079985198054978,3231413949707,INR,11.700399909190926,28.6315,INR,15.877596283045433,2.65566391597899,Strong buy
PAYTM,One 97 Communications Ltd.,Finance,"Nifty 500, Nifty 200, Nifty MidCap Select, Nifty MidCap 100, Nifty MidCap 50, Nifty MidSmallCap 400, Nifty MidCap 150, Nifty Alpha 50, Nifty Total Market, Nifty 500 MultiCap 50:25:25, Nifty India Digital, Nifty LargeMidCap 250, Nifty MidCap 150 Momentum 50, Nifty Financial Services Ex-Bank, Nifty 500 Equal Weight, Nifty MidSmall Financial Services, Nifty 200 Alpha 30, Nifty India New Age Consumption, Nifty MidCap Liquid 15, Nifty High Beta 50, Nifty 500 LargeMidSmall Equal-Cap",1739,INR,-0.7136739937196689,1479094,0.4475471060293351,1124257246674,INR,173.72627372627372,10.01,INR,125.45045045045042,0,Buy
PERSISTENT,Persistent Systems Limited,Technology services,"Nifty 500, Nifty IT, Nifty 200, Nifty MidCap Select, Nifty MidCap 100, Nifty MidCap 50, Nifty MidSmallCap 400, Nifty MidCap 150, Nifty Total Market, Nifty 500 MultiCap 50:25:25, Nifty India Digital, Nifty LargeMidCap 250, Nifty 500 Equal Weight, Nifty MidSmall IT & Telecom, Nifty MidCap Liquid 15, Nifty 200 Quality 30, Nifty Growth Sectors 15, Nifty MidCap 150 Quality 50, Nifty MidSmallcap 400 Momentum Quality 100, Nifty 500 Quality 50, Nifty 500 LargeMidSmall Equal-Cap",5509.5,INR,1.6700498246909021,516940,0.9226178259030479,850272500000,INR,45.106964787175684,122.143,INR,25.273073002028685,0.742115027829314,Neutral
PNB,Punjab National Bank,Finance,"Nifty Bank, Nifty 500, Nifty Next 50, Nifty PSU Bank, Nifty 200, Nifty 100, Nifty Total Market, Nifty 500 MultiCap 50:25:25, Nifty LargeMidCap 250, Nifty 500 Equal Weight, Nifty Housing, Nifty 100 Equal Weight, Nifty Dividend Opportunities 50, Nifty Rural, Nifty 500 Value 50, Nifty 200 Value 30, Nifty 500 LargeMidSmall Equal-Cap",116.85,INR,1.072571576853209,18231772,1.4280362775253088,1328584234807,INR,6.080142364309018,19.2183,INR,31.335337934804897,2.59515570934256,Neutral
POLICYBZR,PB Fintech Limited,Technology services,"Nifty 500, Nifty 200, Nifty MidCap Select, Nifty MidCap 100, Nifty MidCap 50, Nifty MidSmallCap 400, Nifty MidCap 150, Nifty Total Market, Nifty 500 MultiCap 50:25:25, Nifty India Digital, Nifty LargeMidCap 250, Nifty Financial Services Ex-Bank, Nifty 500 Equal Weight, Nifty MidSmall Financial Services, Nifty India New Age Consumption, Nifty 500 LargeMidSmall Equal-Cap",1800,INR,0,414006,0.399915651863208,832526929630,INR,111.9402985074627,16.08,INR,97.78597785977855,0,Buy
POWERGRID,Power Grid Corporation of India Limited,Utilities,"Nifty 50, Nifty 500, Nifty Infrastructure, Nifty 200, Nifty Energy, Nifty PSE, Nifty CPSE, Nifty Services Sector, Nifty 100, Nifty Total Market, Nifty 500 MultiCap 50:25:25, Nifty 50 Equal Weight, Nifty LargeMidCap 250, Nifty 500 Equal Weight, Nifty 100 Equal Weight, Nifty Dividend Opportunities 50, Nifty 500 Value 50, Nifty 500 Multicap Infrastructure 50:30:20, Nifty 200 Value 30, Nifty 500 LargeMidSmall Equal-Cap, Nifty 500 Multifactor MQVLv 50, Nifty 500 Low Volatility 50, Nifty Low Volatility 50",271.75,INR,2.219296595824704,12187656,1.429026433138927,2473495618513,INR,15.90008835007694,17.0911,INR,3.3700457847210985,3.38409475465313,Buy
POWERINDIA,Hitachi Energy India Limited,Electronic technology,"Nifty 500, Nifty 200, Nifty MidCap 100, Nifty Energy, Nifty MidSmallCap 400, Nifty MidCap 150, Nifty MNC, Nifty Alpha 50, Nifty Total Market, Nifty 500 MultiCap 50:25:25, Nifty 200 Momentum 30, Nifty LargeMidCap 250, Nifty 500 Momentum 50, Nifty MidCap 150 Momentum 50, Nifty 500 Equal Weight, Nifty 200 Alpha 30, Nifty 500 Multicap Infrastructure 50:30:20, Nifty MidCap 150 Quality 50, Nifty MidSmallcap 400 Momentum Quality 100, Nifty 500 LargeMidSmall Equal-Cap, Nifty 500 Multicap Momentum Quality 50",31195,INR,-1.2191260291323622,49644,0.5217769677783488,1407595280609,INR,120.8663944928784,258.0949,INR,123.3922537356839,0.0253324889170361,Buy
RBLBANK,RBL Bank Ltd.,Finance,"Nifty 500, Nifty Private Bank, Nifty SmallCap 100, Nifty SmallCap 250, Nifty MidSmallCap 400, Nifty SmallCap 50, Nifty Alpha 50, Nifty Total Market, Nifty 500 MultiCap 50:25:25, Nifty 500 Momentum 50, Nifty 500 Equal Weight, Nifty Housing, Nifty MidSmall Financial Services, Nifty 500 Value 50, Nifty 500 LargeMidSmall Equal-Cap",410.8,INR,-1.2499999999999973,2711005,0.5603342107339292,646431494251,INR,29.898107714701602,13.74,INR,45.111209682529626,0.239923224568138,Buy
RECLTD,REC Limited,Finance,"Nifty Financial Services, Nifty 500, Nifty Next 50, Nifty Financial Services 25/50, Nifty 200, Nifty PSE, Nifty 100, Nifty Total Market, Nifty 500 MultiCap 50:25:25, Nifty LargeMidCap 250, Nifty Financial Services Ex-Bank, Nifty 500 Equal Weight, Nifty 100 Equal Weight, Nifty Dividend Opportunities 50, Nifty 500 Value 50, Nifty 200 Value 30, Nifty High Beta 50, Nifty 500 LargeMidSmall Equal-Cap, Nifty 500 Multifactor MQVLv 50",313.8,INR,-0.2225755166931601,3526950,0.6815880194027513,830387242659,INR,5.153073205497269,60.8957,INR,-4.872021182700795,5.88235294117647,Buy
RELIANCE,Reliance Industries Limited,Energy minerals,"Nifty 50, Nifty 500, Nifty Infrastructure, Nifty Oil and Gas, Nifty 200, Nifty Energy, Nifty Commodities, Nifty 100, Nifty Total Market, Nifty 500 MultiCap 50:25:25, Nifty India Manufacturing, Nifty 50 Equal Weight, Nifty LargeMidCap 250, Nifty EV & New Age Automotive, Nifty 500 Equal Weight, Nifty 100 Equal Weight, Nifty Mobility, Nifty 50 Value 20, Nifty 500 Multicap India Manufacturing 50:30:20, Nifty Alpha Low Volatility 30, Nifty 100 Low Volatility 30, Nifty 500 Multicap Infrastructure 50:30:20, Nifty Top 10 Equal Weight Index, Nifty 100 Liquid 15, Nifty 500 LargeMidSmall Equal-Cap, Nifty Top 20 Equal Weight, Nifty India Select 5 Corporate Groups (MAATR), Nifty Low Volatility 50, Nifty Top 15 Equal Weight",1274,INR,-0.3909304143862392,9296079,0.693716075288688,17335182539062,INR,23.07130917908515,55.2201,INR,-8.318252305321916,0.468384074941452,Strong buy
RVNL,Rail Vikas Nigam Ltd.,Industrial services,"Nifty 500, Nifty 200, Nifty MidCap 100, Nifty PSE, Nifty MidSmallCap 400, Nifty MidCap 150, Nifty Total Market, Nifty 500 MultiCap 50:25:25, Nifty LargeMidCap 250, Nifty 500 Equal Weight, Nifty 500 Multicap Infrastructure 50:30:20, Nifty High Beta 50, Nifty 500 LargeMidSmall Equal-Cap",205.6,INR,-0.6763285024154617,5012189,1.0647451983650447,431599144043,INR,47.654366771741145,4.3144,INR,-24.533846422949093,0.826086956521739,Strong sell
SAIL,Steel Authority of India Limited,Non-energy minerals,"Nifty 500, Nifty Metal, Nifty 200, Nifty MidCap 100, Nifty MidSmallCap 400, Nifty MidCap 150, Nifty Alpha 50, Nifty Total Market, Nifty 500 MultiCap 50:25:25, Nifty 200 Momentum 30, Nifty LargeMidCap 250, Nifty 500 Momentum 50, Nifty MidCap 150 Momentum 50, Nifty 500 Equal Weight, Nifty Housing, Nifty Dividend Opportunities 50, Nifty 200 Alpha 30, Nifty 500 Value 50, Nifty 200 Value 30, Nifty 500 LargeMidSmall Equal-Cap",183.75,INR,-1.4216738197424923,8060794,0.30587886114955576,769310354004,INR,17.7652950730915,10.3432,INR,40.785103718625784,0.859060402684564,Neutral
SBICARD,SBI Cards & Payment Services Ltd,Finance,"Nifty Financial Services, Nifty 500, Nifty Financial Services 25/50, Nifty 200, Nifty MidCap 100, Nifty MidCap 50, Nifty MidSmallCap 400, Nifty MidCap 150, Nifty Total Market, Nifty 500 MultiCap 50:25:25, Nifty LargeMidCap 250, Nifty Financial Services Ex-Bank, Nifty 500 Equal Weight, Nifty MidSmall Financial Services, Nifty Rural, Nifty 500 LargeMidSmall Equal-Cap, Nifty 500 Low Volatility 50, Nifty Low Volatility 50",666.3,INR,-0.3141831238779208,1286184,0.2697749467532888,637600895386,INR,27.868166799113304,23.909,INR,21.13550923627224,0.373134328358209,Neutral
SBIN,State Bank of India,Finance,"Nifty 50, Nifty Bank, Nifty Financial Services, Nifty 500, Nifty PSU Bank, Nifty Financial Services 25/50, Nifty 200, Nifty Services Sector, Nifty 100, Nifty Alpha 50, Nifty Total Market, Nifty 500 MultiCap 50:25:25, Nifty 50 Equal Weight, Nifty LargeMidCap 250, Nifty 500 Equal Weight, Nifty Housing, Nifty 100 Equal Weight, Nifty Dividend Opportunities 50, Nifty Rural, Nifty Alpha Low Volatility 30, Nifty 500 Value 50, Nifty 100 Low Volatility 30, Nifty 200 Value 30, Nifty 100 Liquid 15, Nifty 100 Alpha 30, Nifty 500 LargeMidSmall Equal-Cap, Nifty 500 Multifactor MQVLv 50, Nifty 500 Low Volatility 50, Nifty Top 20 Equal Weight, Nifty Low Volatility 50, Nifty Top 15 Equal Weight, Nifty Alpha Quality Value Low-Volatility 30",1009.7,INR,0.919540229885062,5504031,0.735458851783359,9245386927768,INR,10.810955501306266,93.396,INR,4.927771998139533,1.73222843450479,Strong buy
SHRIRAMFIN,Shriram Finance Limited,Finance,"Nifty 50, Nifty Financial Services, Nifty 500, Nifty Financial Services 25/50, Nifty 200, Nifty Services Sector, Nifty 100, Nifty Alpha 50, Nifty Total Market, Nifty 500 MultiCap 50:25:25, Nifty 200 Momentum 30, Nifty 50 Equal Weight, Nifty LargeMidCap 250, Nifty 500 Momentum 50, Nifty Financial Services Ex-Bank, Nifty 500 Equal Weight, Nifty 100 Equal Weight, Nifty Dividend Opportunities 50, Nifty Rural, Nifty 200 Alpha 30, Nifty High Beta 50, Nifty 100 Liquid 15, Nifty 100 Alpha 30, Nifty 500 LargeMidSmall Equal-Cap",1038,INR,0.8746355685131195,2757241,0.6407095773968305,2422043403736,INR,18.329507328271234,56.63,INR,10.003885003885015,1.04920580949143,Strong buy
SRF,Srf Limited,Process industries,"Nifty 500, Nifty 200, Nifty MidCap Select, Nifty MidCap 100, Nifty MidCap 50, Nifty MidSmallCap 400, Nifty MidCap 150, Nifty Commodities, Nifty Total Market, Nifty 500 MultiCap 50:25:25, Nifty India Manufacturing, Nifty LargeMidCap 250, Nifty 500 Equal Weight, Nifty 500 Multicap India Manufacturing 50:30:20, Nifty 500 LargeMidSmall Equal-Cap",2519,INR,-0.03968253968253968,210831,1.0829489891993263,745508383789,INR,34.54015927689169,72.9296,INR,51.08273446126373,0.397614314115308,Buy
SUNPHARMA,Sun Pharmaceutical Industries Limited,Health technology,"Nifty 50, Nifty 500, Nifty Pharma, Nifty Healthcare, Nifty 200, Nifty 100, Nifty Total Market, Nifty 500 MultiCap 50:25:25, Nifty India Manufacturing, Nifty 50 Equal Weight, Nifty LargeMidCap 250, Nifty 500 Equal Weight, Nifty 100 Equal Weight, Nifty 500 Multicap India Manufacturing 50:30:20, Nifty Alpha Low Volatility 30, Nifty 100 Low Volatility 30, Nifty Growth Sectors 15, Nifty 500 LargeMidSmall Equal-Cap, Nifty 500 Multifactor MQVLv 50, Nifty 500 Low Volatility 50, Nifty Top 20 Equal Weight, Nifty Low Volatility 50, Nifty Alpha Quality Low-Volatility 30, Nifty Alpha Quality Value Low-Volatility 30, Nifty Quality Low-Volatility 30",1861,INR,-0.2091264947182203,1178648,0.7428019179970248,4483051997681,INR,36.91566723927938,50.4122,INR,16.617162632319193,0.856301846400856,Buy
TATAPOWER,Tata Power Company Limited,Utilities,"Nifty 500, Nifty Next 50, Nifty Infrastructure, Nifty 200, Nifty Energy, Nifty India Consumption, Nifty Commodities, Nifty Services Sector, Nifty 100, Nifty Total Market, Nifty 500 MultiCap 50:25:25, Nifty LargeMidCap 250, Nifty 500 Equal Weight, Nifty Housing, Nifty 100 Equal Weight, Nifty Rural, Nifty Tata Group 25% Cap, Nifty 500 Multicap Infrastructure 50:30:20, Nifty 500 LargeMidSmall Equal-Cap, Nifty 500 Low Volatility 50, Nifty India Select 5 Corporate Groups (MAATR)",367,INR,-0.8108108108108109,2896528,0.44312108928193117,1179080312256,INR,30.397402554375738,12.0734,INR,-4.977254482204981,0.677506775067751,Buy
TATASTEEL,Tata Steel Limited,Non-energy minerals,"Nifty 50, Nifty 500, Nifty Metal, Nifty 200, Nifty Commodities, Nifty 100, Nifty Total Market, Nifty 500 MultiCap 50:25:25, Nifty 200 Momentum 30, Nifty India Manufacturing, Nifty 50 Equal Weight, Nifty LargeMidCap 250, Nifty 500 Equal Weight, Nifty Housing, Nifty 100 Equal Weight, Nifty Dividend Opportunities 50, Nifty 500 Multicap India Manufacturing 50:30:20, Nifty Tata Group 25% Cap, Nifty 200 Value 30, Nifty High Beta 50, Nifty 100 Alpha 30, Nifty 500 LargeMidSmall Equal-Cap, Nifty India Select 5 Corporate Groups (MAATR)",186.78,INR,-1.0437086092715226,23334612,0.6951563237140238,2353770039415,INR,21.110809711108097,8.8476,INR,143.126047649144,2.12145319543888,Buy
TCS,Tata Consultancy Services Limited,Technology services,"Nifty 50, Nifty 500, Nifty IT, Nifty 200, Nifty Services Sector, Nifty 100, Nifty Total Market, Nifty 500 MultiCap 50:25:25, Nifty India Digital, Nifty 50 Equal Weight, Nifty LargeMidCap 250, Nifty 500 Equal Weight, Nifty 100 Equal Weight, Nifty Dividend Opportunities 50, Nifty Tata Group 25% Cap, Nifty 100 Low Volatility 30, Nifty 200 Quality 30, Nifty Growth Sectors 15, Nifty Top 10 Equal Weight Index, Nifty 100 Quality 30, Nifty 500 Quality 50, Nifty 500 LargeMidSmall Equal-Cap, Nifty 500 Multifactor MQVLv 50, Nifty 500 Low Volatility 50, Nifty Top 20 Equal Weight, Nifty India Select 5 Corporate Groups (MAATR), Nifty Low Volatility 50, Nifty Top 15 Equal Weight, Nifty Alpha Quality Low-Volatility 30, Nifty Alpha Quality Value Low-Volatility 30, Nifty Quality Low-Volatility 30",2204.1,INR,-0.1766304347826128,2490912,0.9524415848010188,7992355071777,INR,16.01362985781646,137.639,INR,1.067516881423239,2.94250792213671,Buy
TECHM,Tech Mahindra Limited,Technology services,"Nifty 50, Nifty 500, Nifty IT, Nifty 200, Nifty Services Sector, Nifty 100, Nifty Total Market, Nifty 500 MultiCap 50:25:25, Nifty India Digital, Nifty 50 Equal Weight, Nifty LargeMidCap 250, Nifty 500 Equal Weight, Nifty 100 Equal Weight, Nifty Dividend Opportunities 50, Nifty Growth Sectors 15, Nifty 100 Quality 30, Nifty 500 LargeMidSmall Equal-Cap, Nifty 500 Low Volatility 50, Nifty India Select 5 Corporate Groups (MAATR), Nifty Low Volatility 50",1525.8,INR,1.1803713527851427,1405653,0.7012482006747414,1472405892929,INR,26.379668049792528,57.84,INR,12.990818519242051,3.39490763854219,Buy
TITAN,Titan Company Limited,Consumer durables,"Nifty 50, Nifty 500, Nifty Consumer Durables, Nifty 200, Nifty India Consumption, Nifty 100, Nifty Total Market, Nifty 500 MultiCap 50:25:25, Nifty 50 Equal Weight, Nifty LargeMidCap 250, Nifty 500 Equal Weight, Nifty 100 Equal Weight, Nifty India New Age Consumption, Nifty Alpha Low Volatility 30, Nifty Tata Group 25% Cap, Nifty 100 Low Volatility 30, Nifty Non-Cyclical Consumer, Nifty Growth Sectors 15, Nifty 100 Alpha 30, Nifty 500 LargeMidSmall Equal-Cap, Nifty Top 20 Equal Weight, Nifty India Select 5 Corporate Groups (MAATR), Nifty Low Volatility 50",5021,INR,0.3196803196803197,336565,0.5746017703194527,4429875376665,INR,77.38902589395808,64.88,INR,55.023941736994516,0.300613251032106,Buy
TMPV,Tata Motors Passenger Vehicles Ltd,Consumer durables,"Nifty 50, Nifty 500, Nifty Auto, Nifty 200, Nifty 100, Nifty Total Market, Nifty 500 MultiCap 50:25:25, Nifty India Manufacturing, Nifty 50 Equal Weight, Nifty LargeMidCap 250, Nifty EV & New Age Automotive, Nifty 500 Equal Weight, Nifty 100 Equal Weight, Nifty Transportation & Logistics, Nifty Mobility, Nifty 50 Value 20, Nifty Rural, Nifty 500 Multicap India Manufacturing 50:30:20, Nifty India New Age Consumption, Nifty 500 Value 50, Nifty Tata Group 25% Cap, Nifty 200 Value 30, Nifty 100 Liquid 15, Nifty 500 LargeMidSmall Equal-Cap, Nifty 500 Multifactor MQVLv 50, Nifty India Select 5 Corporate Groups (MAATR)",300.5,INR,-0.825082508250825,7512877,1.0875834601513863,1118494224352,INR,1.4212782139097024,211.4294,INR,267.43427855431065,0.987816924596641,Neutral
TRENT,Trent Limited,Retail trade,"Nifty 50, Nifty 500, Nifty 200, Nifty India Consumption, Nifty 100, Nifty Total Market, Nifty 500 MultiCap 50:25:25, Nifty 50 Equal Weight, Nifty LargeMidCap 250, Nifty 500 Equal Weight, Nifty 100 Equal Weight, Nifty India New Age Consumption, Nifty Tata Group 25% Cap, Nifty Non-Cyclical Consumer, Nifty 100 Liquid 15, Nifty MidSmall India Consumption, Nifty 500 LargeMidSmall Equal-Cap, Nifty India Select 5 Corporate Groups (MAATR)",2818.7,INR,-0.046099290780148294,503802,0.732895973554169,1504407969079,INR,83.08695434300081,33.9247,INR,14.214196015850417,0.141778612696275,Buy
UPL,UPL Limited,Process industries,"Nifty 500, Nifty 200, Nifty MidCap 100, Nifty MidCap 50, Nifty MidSmallCap 400, Nifty MidCap 150, Nifty Commodities, Nifty Total Market, Nifty 500 MultiCap 50:25:25, Nifty India Manufacturing, Nifty LargeMidCap 250, Nifty 500 Equal Weight, Nifty Rural, Nifty 500 Multicap India Manufacturing 50:30:20, Nifty 500 Value 50, Nifty 200 Value 30, Nifty 500 LargeMidSmall Equal-Cap",575.3,INR,-0.06948063227376948,1242223,0.57357773639812,487085657532,INR,24.048791499109612,23.9222,INR,75.80028807431141,1.03986135181976,Buy
VBL,Varun Beverages Ltd.,Consumer non-durables,"Nifty 500, Nifty Next 50, Nifty FMCG, Nifty 200, Nifty India Consumption, Nifty 100, Nifty Total Market, Nifty 500 MultiCap 50:25:25, Nifty LargeMidCap 250, Nifty 500 Equal Weight, Nifty 100 Equal Weight, Nifty Non-Cyclical Consumer, Nifty 100 Quality 30, Nifty MidSmall India Consumption, Nifty 500 LargeMidSmall Equal-Cap",410.5,INR,0.85995085995086,7713560,1.1224892311504078,1373280825684,INR,41.00161809065303,10.0118,INR,17.785882352941165,0.369458128078818,Strong buy
VEDL,Vedanta Limited,Non-energy minerals,"Nifty 500, Nifty Next 50, Nifty Metal, Nifty 200, Nifty Commodities, Nifty MNC, Nifty 100, Nifty Alpha 50, Nifty Total Market, Nifty 500 MultiCap 50:25:25, Nifty 200 Momentum 30, Nifty India Manufacturing, Nifty LargeMidCap 250, Nifty 500 Equal Weight, Nifty 100 Equal Weight, Nifty Dividend Opportunities 50, Nifty 200 Alpha 30, Nifty 500 Value 50, Nifty 200 Value 30, Nifty 100 Liquid 15, Nifty 100 Alpha 30, Nifty 500 LargeMidSmall Equal-Cap",269.05,INR,-1.2660550458715554,4834991,0.508016189933475,1070664170087.9999,INR,5.379924015196961,50.01,INR,34.652665589660735,15.5222790357925,Buy
WIPRO,Wipro Limited,Technology services,"Nifty 50, Nifty 500, Nifty IT, Nifty 200, Nifty Services Sector, Nifty 100, Nifty Total Market, Nifty 500 MultiCap 50:25:25, Nifty India Digital, Nifty 50 Equal Weight, Nifty LargeMidCap 250, Nifty 500 Equal Weight, Nifty 100 Equal Weight, Nifty Dividend Opportunities 50, Nifty 100 Low Volatility 30, Nifty 100 Quality 30, Nifty 500 LargeMidSmall Equal-Cap, Nifty 500 Low Volatility 50, Nifty Low Volatility 50",166.3,INR,-0.4191616766466998,9586645,0.9785467198949639,1657374877930,INR,13.19715582642923,12.6012,INR,-1.8391717884601935,4.77611940298508,Sell
YESBANK,Yes Bank Limited,Finance,"Nifty Bank, Nifty 500, Nifty Private Bank, Nifty 200, Nifty MidCap Select, Nifty MidCap 100, Nifty MidCap 50, Nifty MidSmallCap 400, Nifty MidCap 150, Nifty Total Market, Nifty 500 MultiCap 50:25:25, Nifty LargeMidCap 250, Nifty 500 Equal Weight, Nifty Housing, Nifty MidSmall Financial Services, Nifty MidCap Liquid 15, Nifty 500 LargeMidSmall Equal-Cap",22.3,INR,-0.5352363960749374,47990386,0.9324242093607095,704028030633,INR,18.71276327934883,1.1917,INR,36.41254578754578,0,Sell